Workbook

Sheet Annual Extremes 1965-2025
A1: Fraser River at Mission (WSC 08MH024) — annual maximum and minimum water level and discharge
A2: Source: Water Survey of Canada / ECCC Water Office (HYDAT), Annual Extremes & Peak reports, retrieved 2026-10-05. Levels published in station ASSUMED datum.
A3: Assumed datum → Geodetic Survey of Canada (GSC) datum, add (m): | H3: 0.043
A5: Year | B5: Max daily level date | C5: Max daily level (m, assumed) | D5: Max daily level (m GSC) | E5: Max instantaneous level date/time (PST) | F5: Max instantaneous level (m, assumed) | G5: Min daily level date | H5: Min daily level (m, assumed) | I5: Max daily discharge date | J5: Max daily discharge (m³/s) | K5: Max instantaneous discharge date/time (PST) | L5: Max instantaneous discharge (m³/s) | M5: Min daily discharge date | N5: Min daily discharge (m³/s) | O5: Flags
A6: 1965 | I6: 1965-06-07 | J6: 9400
A7: 1966 | I7: 1966-06-22 | J7: 9340 | M7: 1966-03-08 | N7: 929
A8: 1967 | I8: 1967-06-22 | J8: 13500 | K8: 1967-06-22 09:45 | L8: 13700 | M8: 1967-03-16 | N8: 1020
A9: 1968 | I9: 1968-07-10 | J9: 10200 | M9: 1968-01-13 | N9: 1150
A10: 1969 | B10: 1969-06-10 | C10: 5.578 | D10: =C10+$H$3 -> 5.621 | E10: 1969-06-09 10:40 | F10: 5.602 | G10: 1969-03-24 | H10: 0.61 | I10: 1969-06-10 | J10: 9660 | K10: 1969-06-13 09:30 | L10: 9740 | M10: 1969-03-15 | N10: 917
A11: 1970 | B11: 1970-06-09 | C11: 5.523 | D11: =C11+$H$3 -> 5.566 | E11: 1970-06-09 10:48 | F11: 5.566 | G11: 1970-11-22 | H11: 0.546 | I11: 1970-06-09 | J11: 9570 | M11: 1970-12-01 | N11: 830
A12: 1971 | B12: 1971-06-11 | C12: 5.52 | D12: =C12+$H$3 -> 5.563 | E12: 1971-06-12 11:21 | F12: 5.56 | G12: 1971-01-03 | H12: 0.433 | I12: 1971-06-08 | J12: 9570 | M12: 1971-01-07 | N12: 799
A13: 1972 | B13: 1972-06-17 | C13: 7.077 | D13: =C13+$H$3 -> 7.12 | E13: 1972-06-17 12:00 | F13: 7.108 | G13: 1972-12-13 | H13: 0.622 | I13: 1972-06-17 | J13: 14400 | M13: 1972-12-10 | N13: 725 | O13: min flow E
A14: 1973 | B14: 1973-06-29 | C14: 5.224 | D14: =C14+$H$3 -> 5.267 | E14: 1973-06-29 07:36 | F14: 5.264 | G14: 1973-03-28 | H14: 0.512 | I14: 1973-06-29 | J14: 8980 | M14: 1973-02-16 | N14: 985
A15: 1974 | B15: 1974-06-21 | C15: 6.77 | D15: =C15+$H$3 -> 6.813 | G15: 1974-01-02 | H15: 0.57 | I15: 1974-06-21 | J15: 13100 | K15: 1974-06-21 08:24 | L15: 13400 | M15: 1974-01-07 | N15: 937
A16: 1975 | B16: 1975-07-12 | C16: 5.319 | D16: =C16+$H$3 -> 5.362 | G16: 1975-04-06 | H16: 0.454 | I16: 1975-07-12 | J16: 9150 | K16: 1975-07-12 00:19 | L16: 9230 | M16: 1975-01-17 | N16: 818
A17: 1976 | B17: 1976-06-23 | C17: 5.767 | D17: =C17+$H$3 -> 5.81 | E17: 1976-06-24 07:59 | F17: 5.785 | G17: 1976-03-06 | H17: 0.475 | I17: 1976-06-23 | J17: 10100 | K17: 1976-06-24 07:59 | L17: 10100 | M17: 1976-03-06 | N17: 1040
A18: 1977 | B18: 1977-06-26 | C18: 4.173 | D18: =C18+$H$3 -> 4.216 | G18: 1977-03-30 | H18: 0.521 | I18: 1977-06-26 | J18: 7110 | K18: 1977-06-26 03:21 | L18: 7160 | M18: 1977-11-25 | N18: 1030
A19: 1978 | B19: 1978-06-10 | C19: 4.532 | D19: =C19+$H$3 -> 4.575 | G19: 1978-03-16 | H19: 0.472 | I19: 1978-06-10 | J19: 7730 | K19: 1978-06-09 23:40 | L19: 7820 | M19: 1978-02-05 | N19: 915
A20: 1979 | B20: 1979-06-10 | C20: 4.932 | D20: =C20+$H$3 -> 4.975 | E20: 1979-06-10 09:39 | F20: 4.992 | I20: 1979-06-10 | J20: 8440 | K20: 1979-06-10 09:38 | L20: 8550 | M20: 1979-02-02 | N20: 838 | O20: min flow B
A21: 1980 | B21: 1980-12-27 | C21: 4.608 | D21: =C21+$H$3 -> 4.651 | E21: 1980-12-27 15:01 | F21: 4.825 | I21: 1980-12-27 | J21: 7850 | K21: 1980-12-27 15:01 | L21: 8230 | M21: 1980-02-15 | N21: 648
A22: 1981 | B22: 1981-05-31 | C22: 5.029 | D22: =C22+$H$3 -> 5.072 | E22: 1981-06-06 13:16 | F22: 5.081 | I22: 1981-05-31 | J22: 8610 | K22: 1981-06-06 13:16 | L22: 8700 | M22: 1981-12-31 | N22: 1330
A23: 1982 | B23: 1982-06-22 | C23: 6.168 | D23: =C23+$H$3 -> 6.211 | E23: 1982-06-22 09:06 | F23: 6.252 | I23: 1982-06-21 | J23: 11100 | K23: 1982-06-22 09:06 | L23: 11300 | M23: 1982-01-07 | N23: 858
A24: 1983 | B24: 1983-06-04 | C24: 4.664 | D24: =C24+$H$3 -> 4.707 | E24: 1983-06-04 06:01 | F24: 4.696 | G24: 1983-10-18 | H24: 0.611 | I24: 1983-06-04 | J24: 8490 | M24: 1983-01-01 | N24: 1160
A25: 1984 | B25: 1984-07-02 | C25: 5.234 | D25: =C25+$H$3 -> 5.277 | E25: 1984-07-02 16:00 | F25: 5.238 | G25: 1984-12-31 | H25: 0.445 | I25: 1984-07-03 | J25: 9120 | K25: 1984-07-02 16:00 | L25: 9270 | M25: 1984-12-31 | N25: 900 | O25: min flow B
A26: 1985 | B26: 1985-06-08 | C26: 5.622 | D26: =C26+$H$3 -> 5.665 | E26: 1985-06-08 12:32 | F26: 5.676 | G26: 1985-02-27 | H26: 0.362 | I26: 1985-05-29 | J26: 11000 | K26: 1985-05-28 20:15 | L26: 11100 | M26: 1985-12-01 | N26: 805 | O26: min flow B
A27: 1986 | B27: 1986-06-05 | C27: 6.137 | D27: =C27+$H$3 -> 6.18 | E27: 1986-06-06 07:49 | F27: 6.189 | G27: 1986-12-09 | H27: 0.507 | I27: 1986-06-04 | J27: 12400 | K27: 1986-06-04 12:45 | L27: 12600 | M27: 1986-01-05 | N27: 947
A28: 1987 | B28: 1987-06-17 | C28: 4.553 | D28: =C28+$H$3 -> 4.596 | E28: 1987-06-17 11:52 | F28: 4.603 | G28: 1987-12-26 | H28: 0.405 | I28: 1987-06-17 | J28: 8500 | K28: 1987-06-16 18:30 | L28: 8640 | M28: 1987-12-31 | N28: 979
A29: 1988 | B29: 1988-05-17 | C29: 4.668 | D29: =C29+$H$3 -> 4.711 | E29: 1988-05-18 09:08 | F29: 4.759 | G29: 1988-02-05 | H29: 0.353 | I29: 1988-05-18 | J29: 8050 | K29: 1988-05-18 12:00 | L29: 8240 | M29: 1988-01-09 | N29: 682 | O29: min level E; min flow E
A30: 1989 | B30: 1989-06-19 | C30: 4.556 | D30: =C30+$H$3 -> 4.599 | E30: 1989-06-19 07:06 | F30: 4.639 | G30: 1989-01-28 | H30: 0.446 | I30: 1989-06-09 | J30: 7980 | K30: 1989-06-09 19:00 | L30: 8150 | M30: 1989-03-03 | N30: 879 | O30: min flow E
A31: 1990 | G31: 1990-12-24 | H31: 0.511 | I31: 1990-06-16 | J31: 10800 | K31: 1990-06-17 03:05 | L31: 11100 | M31: 1990-12-30 | N31: 1030 | O31: min flow B
A32: 1991 | B32: 1991-07-04 | C32: 4.943 | D32: =C32+$H$3 -> 4.986 | E32: 1991-07-04 04:02 | F32: 4.971 | G32: 1991-11-01 | H32: 0.577 | I32: 1991-07-04 | J32: 8890 | K32: 1991-07-04 04:02 | L32: 9060 | M32: 1991-01-09 | N32: 920 | O32: min flow B
A33: 1992 | B33: 1992-06-18 | C33: 4.022 | D33: =C33+$H$3 -> 4.065 | E33: 1992-06-17 23:49 | F33: 4.099 | G33: 1992-12-31 | H33: 0.633 | I33: 1992-06-18 | J33: 7240 | K33: 1992-06-17 16:30 | L33: 7440 | M33: 1992-12-31 | N33: 820 | O33: min flow E
A34: 1993 | B34: No data published (gauge gap 1993–1996)
A35: 1994 | B35: No data published (gauge gap 1993–1996)
A36: 1995 | B36: No data published (gauge gap 1993–1996)
A37: 1996 | B37: No data published (gauge gap 1993–1996)
A38: 1997 | B38: 1997-06-05 | C38: 6.325 | D38: =C38+$H$3 -> 6.368 | E38: 1997-06-05 07:15 | F38: 6.394
A39: 1998 | B39: 1998-06-01 | C39: 4.078 | D39: =C39+$H$3 -> 4.121 | E39: 1998-06-01 02:00 | F39: 4.131
A40: 1999 | B40: 1999-06-23 | C40: 6.214 | D40: =C40+$H$3 -> 6.257 | E40: 1999-06-23 05:00 | F40: 6.257 | G40: 1999-03-11 | H40: 0.704
A41: 2000 | B41: 2000-06-15 | C41: 4.758 | D41: =C41+$H$3 -> 4.801 | E41: 2000-06-15 05:31 | F41: 4.862 | G41: 2000-12-18 | H41: 0.37 | I41: 2000-06-15 | J41: 8470 | K41: 2000-06-15 05:31 | L41: 8660
A42: 2001 | B42: 2001-07-24 | C42: 3.94 | D42: =C42+$H$3 -> 3.983 | E42: 2001-07-23 23:16 | F42: 4.048 | G42: 2001-02-27 | H42: 0.403 | I42: 2001-07-24 | J42: 7090 | K42: 2001-07-23 23:16 | L42: 7260
A43: 2002 | B43: 2002-06-22 | C43: 5.951 | D43: =C43+$H$3 -> 5.994 | E43: 2002-06-22 05:01 | F43: 6.044 | G43: 2002-03-20 | H43: 0.39 | I43: 2002-06-19 | J43: 11000 | K43: 2002-06-22 05:01 | L43: 11300
A44: 2003 | B44: 2003-06-14 | C44: 4.357 | D44: =C44+$H$3 -> 4.4 | E44: 2003-06-14 06:41 | F44: 4.456 | G44: 2003-03-08 | H44: 0.52 | I44: 2003-06-14 | J44: 7770 | K44: 2003-06-14 06:41 | L44: 7940
A45: 2004 | B45: 2004-06-11 | C45: 3.749 | D45: =C45+$H$3 -> 3.792 | E45: 2004-06-11 04:01 | F45: 3.86 | G45: 2004-02-10 | H45: 0.522 | I45: 2004-06-11 | J45: 6810 | K45: 2004-06-11 04:01 | L45: 6970
A46: 2005 | B46: 2005-05-21 | C46: 4.234 | D46: =C46+$H$3 -> 4.277 | E46: 2005-05-21 06:06 | F46: 4.329 | G46: 2005-12-09 | H46: 0.551 | I46: 2005-05-21 | J46: 7560 | K46: 2005-05-21 06:06 | L46: 7720
A47: 2006 | B47: 2006-05-27 | C47: 4.598 | D47: =C47+$H$3 -> 4.641 | E47: 2006-05-27 06:46 | F47: 4.699 | G47: 2006-02-17 | H47: 0.448 | I47: 2006-05-27 | J47: 8800 | K47: 2006-05-27 06:46 | L47: 9000
A48: 2007 | B48: 2007-06-11 | C48: 5.938 | D48: =C48+$H$3 -> 5.981 | E48: 2007-06-11 05:01 | F48: 6.035 | G48: 2007-02-04 | H48: 0.64 | I48: 2007-06-10 | J48: 11800 | K48: 2007-06-11 05:01 | L48: 12100
A49: 2008 | B49: 2008-05-26 | C49: 5.623 | D49: =C49+$H$3 -> 5.666 | E49: 2008-05-26 12:01 | F49: 5.69 | G49: 2008-04-01 | H49: 0.433 | I49: 2008-05-26 | J49: 10900 | K49: 2008-05-26 12:01 | L49: 11100
A50: 2009 | B50: 2009-06-09 | C50: 4.587 | D50: =C50+$H$3 -> 4.63 | E50: 2009-06-09 22:46 | F50: 4.653 | G50: 2009-04-05 | H50: 0.399 | I50: 2009-06-09 | J50: 8770 | K50: 2009-06-09 22:46 | L50: 8910
A51: 2010 | B51: 2010-06-28 | C51: 3.874 | D51: =C51+$H$3 -> 3.917 | E51: 2010-06-28 22:50 | F51: 3.956 | I51: 2010-06-28 | J51: 7490 | K51: 2010-06-28 22:50 | L51: 7620
A52: 2011 | B52: 2011-07-04 | C52: 5.766 | D52: =C52+$H$3 -> 5.809 | E52: 2011-07-04 10:30 | F52: 5.844 | G52: 2011-02-09 | H52: 0.537 | I52: 2011-07-04 | J52: 11300 | K52: 2011-07-04 10:30 | L52: 11600
A53: 2012 | B53: 2012-06-23 | C53: 6.326 | D53: =C53+$H$3 -> 6.369 | E53: 2012-06-23 10:20 | F53: 6.375 | G53: 2012-03-02 | H53: 0.545 | I53: 2012-06-23 | J53: 12700 | K53: 2012-06-23 10:20 | L53: 12800
A54: 2013 | B54: 2013-05-17 | C54: 5.561 | D54: =C54+$H$3 -> 5.604 | E54: 2013-05-17 13:00 | F54: 5.596 | G54: 2013-12-09 | H54: 0.352 | I54: 2013-05-17 | J54: 10800 | K54: 2013-05-17 13:00 | L54: 10900
A55: 2014 | B55: 2014-05-29 | C55: 5.501 | D55: =C55+$H$3 -> 5.544 | E55: 2014-05-29 08:35 | F55: 5.585 | G55: 2014-02-05 | H55: 0.412 | I55: 2014-05-29 | J55: 10700 | K55: 2014-05-29 08:35 | L55: 10900
A56: 2015 | B56: 2015-06-03 | C56: 4.595 | D56: =C56+$H$3 -> 4.638 | E56: 2015-06-03 07:50 | F56: 4.665 | G56: 2015-12-31 | H56: 0.631 | I56: 2015-06-03 | J56: 8770 | K56: 2015-06-03 07:50 | L56: 8910
A57: 2016 | B57: 2016-05-09 | C57: 3.602 | D57: =C57+$H$3 -> 3.645 | E57: 2016-05-08 22:40 | F57: 3.723 | G57: 2016-01-01 | H57: 0.604 | I57: 2016-05-09 | J57: 6930 | K57: 2016-05-08 22:40 | L57: 7140
A58: 2017 | B58: 2017-06-04 | C58: 5.586 | D58: =C58+$H$3 -> 5.629 | E58: 2017-06-04 05:25 | F58: 5.651 | I58: 2017-06-03 | J58: 10900 | K58: 2017-06-04 05:25 | L58: 11000
A59: 2018 | B59: 2018-05-20 | C59: 5.918 | D59: =C59+$H$3 -> 5.961 | E59: 2018-05-20 11:35 | F59: 5.988 | I59: 2018-05-20 | J59: 11700 | K59: 2018-05-20 11:35 | L59: 11800
A60: 2019 | B60: 2019-06-04 | C60: 4.334 | D60: =C60+$H$3 -> 4.377 | E60: 2019-06-04 07:10 | F60: 4.419 | I60: 2019-06-04 | J60: 8260 | K60: 2019-06-04 07:10 | L60: 8420
A61: 2020 | B61: 2020-06-28 | C61: 5.824 | D61: =C61+$H$3 -> 5.867 | E61: 2020-06-29 03:20 | F61: 5.907 | G61: 2020-03-01 | H61: 0.518 | I61: 2020-06-28 | J61: 11400 | K61: 2020-06-29 03:20 | L61: 11600
A62: 2021 | B62: 2021-06-07 | C62: 5.41 | D62: =C62+$H$3 -> 5.453 | E62: 2021-11-15 22:20 | F62: 5.539 | I62: 2021-06-07 | J62: 10500 | K62: 2021-11-15 22:20 | L62: 10800
A63: 2022 | B63: 2022-07-04 | C63: 5.824 | D63: =C63+$H$3 -> 5.867 | E63: 2022-07-04 10:15 | F63: 5.873 | I63: 2022-07-04 | J63: 11400 | K63: 2022-07-04 10:15 | L63: 11600
A64: 2023 | B64: 2023-05-21 | C64: 5.431 | D64: =C64+$H$3 -> 5.474 | E64: 2023-05-21 07:55 | F64: 5.533 | I64: 2023-05-20 | J64: 10500 | K64: 2023-05-21 07:55 | L64: 10800
A65: 2024 | B65: 2024-07-02 | C65: 2.935 | D65: =C65+$H$3 -> 2.978 | E65: 2024-07-02 04:25 | F65: 3.077 | G65: 2024-01-16 | H65: 0.529 | K65: 2024-07-02 04:25 | L65: 6070
A66: 2025 | B66: 2025-06-05 | C66: 3.898 | D66: =C66+$H$3 -> 3.941 | E66: 2025-06-05 04:15 | F66: 4.003 | G66: 2025-02-15 | H66: 0.506 | I66: 2025-06-05 | J66: 7450 | K66: 2025-06-05 04:15 | L66: 7640
A68: Blank cells = no value published by WSC for that year (seasonal operation, missing data or partial record). Flags: E = estimated, B = backwater/ice conditions (WSC symbols).
A69: Discharge records after 1999 are seasonal (freshet months only), so post-2000 annual minimum flows are not published.

Sheet Harrison Lake 1933-2025
A1: Harrison Lake near Harrison Hot Springs (WSC 08MG012) — annual maximum and minimum lake level
A2: Source: Water Survey of Canada / ECCC Water Office (HYDAT), Annual Extremes & Peak reports, retrieved 2026-10-05. Level only (no discharge measured at this station). Published in GSC datum.
A3: GSC → CGVD2013 datum, add (m): | F3: 0.148
A5: Year | B5: Max daily level date | C5: Max daily level (m GSC) | D5: Max instantaneous level date/time (PST) | E5: Max instantaneous level (m GSC) | F5: Min daily level date | G5: Min daily level (m GSC) | H5: Min instantaneous level date/time (PST) | I5: Min instantaneous level (m GSC) | J5: Annual range, daily (m) | K5: Flags
A6: 1933 | B6: 1933-07-18 | C6: 11.826
A7: 1934 | B7: 1934-06-14 | C7: 11.47 | F7: 1934-10-06 | G7: 9.235 | J7: =C7-G7 -> 2.235
A8: 1935 | B8: 1935-06-13 | C8: 11.393 | F8: 1935-04-12 | G8: 9.135 | J8: =C8-G8 -> 2.258
A9: 1936 | B9: 1936-06-05 | C9: 12.308 | F9: 1936-02-19 | G9: 8.702 | J9: =C9-G9 -> 3.606
A10: 1937 | B10: 1937-06-12 | C10: 11.521 | F10: 1937-02-08 | G10: 8.626 | J10: =C10-G10 -> 2.895
A11: 1938 | B11: 1938-06-26 | C11: 11.521 | F11: 1938-02-19 | G11: 8.83 | J11: =C11-G11 -> 2.691
A12: 1939 | B12: 1939-12-10 | C12: 11.393 | F12: 1939-03-16 | G12: 8.726 | J12: =C12-G12 -> 2.667
A13: 1940 | B13: 1940-10-23 | C13: 11.268 | F13: 1940-01-26 | G13: 9.107 | J13: =C13-G13 -> 2.161
A14: 1941 | B14: 1941-12-04 | C14: 11.064 | F14: 1941-03-16 | G14: 9.107 | J14: =C14-G14 -> 1.957
A15: 1942 | B15: 1942-06-10 | C15: 11.268 | F15: 1942-02-28 | G15: 8.803 | J15: =C15-G15 -> 2.465
A16: 1943 | B16: 1943-07-05 | C16: 11.317 | F16: 1943-03-19 | G16: 8.906 | J16: =C16-G16 -> 2.411
A17: 1944 | B17: 1944-06-14 | C17: 10.811 | F17: 1944-03-07 | G17: 8.702 | J17: =C17-G17 -> 2.109
A18: 1945 | B18: 1945-06-02 | C18: 11.521 | F18: 1945-03-07 | G18: 9.031 | J18: =C18-G18 -> 2.49
... A24: 1951 | B24: 1951-07-04 | C24: 11.293 | F24: 1951-12-31 | G24: 8.778 | J24: =C24-G24 -> 2.515
A25: 1952 | B25: 1952-06-07 | C25: 11.305 | D25: 1952-06-07 12:30 | E25: 11.329 | F25: 1952-01-19 | G25: 8.428 | J25: =C25-G25 -> 2.877 | K25: min A
A26: 1953 | B26: 1953-07-16 | C26: 11.357 | D26: 1953-07-17 10:15 | E26: 11.363 | F26: 1953-03-10 | G26: 8.891 | J26: =C26-G26 -> 2.466
A27: 1954 | B27: 1954-07-11 | C27: 11.689 | D27: 1954-07-11 15:30 | E27: 11.704 | F27: 1954-02-03 | G27: 8.891 | J27: =C27-G27 -> 2.798
A28: 1955 | B28: 1955-07-18 | C28: 11.72 | D28: 1955-07-18 11:00 | E28: 11.735 | F28: 1955-03-28 | G28: 8.565 | J28: =C28-G28 -> 3.155
A29: 1956 | B29: 1956-06-11 | C29: 12.213 | D29: 1956-06-11 09:30 | E29: 12.241
A30: 1957 | B30: 1957-06-06 | C30: 11.445 | D30: 1957-06-06 10:50 | E30: 11.448
A31: 1958 | B31: 1958-05-30 | C31: 11.969 | D31: 1958-05-30 07:15 | E31: 11.994 | F31: 1958-04-08 | G31: 9.019 | J31: =C31-G31 -> 2.95
A32: 1959 | B32: 1959-06-26 | C32: 11.512 | D32: 1959-06-26 06:00 | E32: 11.515 | F32: 1959-02-25 | G32: 8.784 | J32: =C32-G32 -> 2.728
A33: 1960 | B33: 1960-07-08 | C33: 11.47 | D33: 1960-07-09 02:15 | E33: 11.482
A34: 1961 | B34: 1961-06-08 | C34: 12.085 | F34: 1961-12-20 | G34: 8.839 | J34: =C34-G34 -> 3.246
A35: 1962 | B35: 1962-06-27 | C35: 11.089 | F35: 1962-03-23 | G35: 8.544 | J35: =C35-G35 -> 2.545
A36: 1963 | B36: 1963-06-20 | C36: 11.14 | D36: 1963-06-20 14:00 | E36: 11.156 | F36: 1963-02-02 | G36: 8.772 | J36: =C36-G36 -> 2.368
A37: 1964 | B37: 1964-06-16 | C37: 12.244 | D37: 1964-06-16 13:45 | E37: 12.259
A38: 1965 | B38: 1965-06-12 | C38: 11.204 | D38: 1965-06-12 08:00 | E38: 11.217
A39: 1966 | B39: 1966-06-20 | C39: 11.192 | D39: 1966-06-20 20:20 | E39: 11.238 | F39: 1966-03-06 | G39: 8.675 | J39: =C39-G39 -> 2.517
A40: 1967 | B40: 1967-06-24 | C40: 12.823 | D40: 1967-06-24 17:15 | E40: 12.838 | F40: 1967-03-15 | G40: 8.793 | J40: =C40-G40 -> 4.03
A41: 1968 | B41: 1968-07-13 | C41: 11.933 | D41: 1968-07-11 12:30 | E41: 11.942
A42: 1969 | B42: 1969-06-14 | C42: 12.354 | D42: 1969-06-14 22:28 | E42: 12.366
A43: 1970 | B43: 1970-06-09 | C43: 11.305 | D43: 1970-06-10 02:55 | E43: 11.314 | F43: 1970-11-07 | G43: 8.708 | J43: =C43-G43 -> 2.597
A44: 1971 | B44: 1971-06-09 | C44: 11.457 | D44: 1971-06-09 08:57 | E44: 11.47 | F44: 1971-01-13 | G44: 8.556 | J44: =C44-G44 -> 2.901
A45: 1972 | B45: 1972-06-12 | C45: 12.5 | D45: 1972-06-12 08:24 | E45: 12.509 | F45: 1972-12-15 | G45: 8.55 | J45: =C45-G45 -> 3.95
A46: 1973 | B46: 1973-06-30 | C46: 11.052 | D46: 1973-06-30 15:30 | E46: 11.055 | F46: 1973-02-24 | G46: 8.675 | J46: =C46-G46 -> 2.377
A47: 1974 | B47: 1974-06-23 | C47: 12.619 | D47: 1974-06-23 10:11 | E47: 12.625 | F47: 1974-11-05 | G47: 8.809 | J47: =C47-G47 -> 3.81
A48: 1975 | B48: 1975-07-13 | C48: 11.759 | D48: 1975-07-13 04:16 | E48: 11.771 | F48: 1975-02-23 | G48: 8.531 | J48: =C48-G48 -> 3.228
A49: 1976 | B49: 1976-07-10 | C49: 11.634 | D49: 1976-07-10 15:49 | E49: 11.643 | F49: 1976-03-17 | G49: 8.659 | J49: =C49-G49 -> 2.975
A50: 1977 | B50: 1977-06-24 | C50: 10.647 | D50: 1977-06-24 23:33 | E50: 10.653 | F50: 1977-10-22 | G50: 8.693 | J50: =C50-G50 -> 1.954
A51: 1978 | B51: 1978-06-10 | C51: 11.055 | D51: 1978-06-10 10:08 | E51: 11.061 | F51: 1978-01-19 | G51: 8.589 | J51: =C51-G51 -> 2.466 | K51: min A
A52: 1979 | B52: 1979-06-10 | C52: 10.733 | D52: 1979-06-11 00:50 | E52: 10.75 | F52: 1979-02-03 | G52: 8.211 | J52: =C52-G52 -> 2.522
A53: 1980 | B53: 1980-12-28 | C53: 11.744 | F53: 1980-01-31 | G53: 8.705 | J53: =C53-G53 -> 3.039 | K53: max A; min E
A54: 1981 | F54: 1981-03-28 | G54: 8.779
A55: 1982 | B55: 1982-06-23 | C55: 12.423 | D55: 1982-06-23 09:36 | E55: 12.429 | F55: 1982-04-10 | G55: 8.679 | J55: =C55-G55 -> 3.744
A56: 1983 | B56: 1983-06-03 | C56: 11.52 | D56: 1983-06-04 04:34 | E56: 11.53
A57: 1984 | B57: 1984-06-30 | C57: 11.594 | D57: 1984-06-30 12:02 | E57: 11.602 | F57: 1984-01-01 | G57: 8.559 | J57: =C57-G57 -> 3.035
A58: 1985 | B58: 1985-06-05 | C58: 11.511 | D58: 1985-06-05 15:43 | E58: 11.517 | F58: 1985-12-31 | G58: 8.273 | J58: =C58-G58 -> 3.238
A59: 1986 | B59: 1986-06-05 | C59: 12.131 | D59: 1986-06-06 08:09 | E59: 12.136 | F59: 1986-01-01 | G59: 8.272 | J59: =C59-G59 -> 3.859
A60: 1987 | B60: 1987-07-06 | C60: 11.261 | D60: 1987-07-06 03:10 | E60: 11.276 | F60: 1987-10-30 | G60: 8.54 | J60: =C60-G60 -> 2.721
A61: 1988 | B61: 1988-06-24 | C61: 10.939 | D61: 1988-06-24 04:32 | E61: 10.953 | F61: 1988-01-12 | G61: 8.428 | J61: =C61-G61 -> 2.511
A62: 1989 | B62: 1989-06-15 | C62: 11.148 | D62: 1989-06-15 21:29 | E62: 11.154 | F62: 1989-03-05 | G62: 8.51 | J62: =C62-G62 -> 2.638
A63: 1990 | B63: 1990-11-14 | C63: 11.871 | D63: 1990-11-14 09:27 | E63: 11.886 | F63: 1990-03-05 | G63: 8.709 | J63: =C63-G63 -> 3.162
A64: 1991 | B64: 1991-09-02 | C64: 11.622 | D64: 1991-09-02 00:55 | E64: 11.657 | F64: 1991-03-31 | G64: 8.653 | J64: =C64-G64 -> 2.969
A65: 1992 | B65: 1992-06-30 | C65: 10.932 | F65: 1992-12-31 | G65: 8.616 | J65: =C65-G65 -> 2.316 | K65: min A
A66: 1993 | B66: 1993-05-22 | C66: 11.427 | D66: 1993-05-22 09:14 | E66: 11.435 | F66: 1993-01-19 | G66: 8.294 | H66: 1993-01-20 13:47 | I66: 8.155 | J66: =C66-G66 -> 3.133
A67: 1994 | B67: 1994-07-03 | C67: 10.588 | D67: 1994-07-03 23:40 | E67: 10.59 | F67: 1994-11-28 | G67: 8.691 | H67: 1994-11-28 21:28 | I67: 8.678 | J67: =C67-G67 -> 1.897
A68: 1995 | B68: 1995-11-30 | C68: 11.274 | D68: 1995-11-30 18:44 | E68: 11.284 | F68: 1995-01-28 | G68: 8.785 | H68: 1995-01-28 17:46 | I68: 8.779 | J68: =C68-G68 -> 2.489
A69: 1996 | B69: 1996-07-17 | C69: 10.973 | D69: 1996-07-17 21:38 | E69: 10.975
A70: 1997 | B70: 1997-06-06 | C70: 12.25 | D70: 1997-06-06 08:00 | E70: 12.257 | F70: 1997-03-16 | G70: 8.864 | J70: =C70-G70 -> 3.386
A71: 1998 | B71: 1998-06-11 | C71: 11.076 | D71: 1998-06-13 02:00 | E71: 11.08 | F71: 1998-11-11 | G71: 8.713 | J71: =C71-G71 -> 2.363
A72: 1999 | B72: 1999-07-17 | C72: 12.31 | D72: 1999-07-17 01:00 | E72: 12.317 | F72: 1999-10-25 | G72: 8.91 | H72: 1999-10-28 14:37 | I72: 8.893 | J72: =C72-G72 -> 3.4
A73: 2000 | B73: 2000-07-01 | C73: 11.178 | D73: 2000-07-01 01:00 | E73: 11.183 | F73: 2000-03-01 | G73: 8.554 | H73: 2000-03-14 05:56 | I73: 8.531 | J73: =C73-G73 -> 2.624
A74: 2001 | B74: 2001-08-25 | C74: 10.528 | D74: 2001-08-25 02:00 | E74: 10.531 | F74: 2001-03-08 | G74: 8.385 | H74: 2001-03-08 11:00 | I74: 8.379 | J74: =C74-G74 -> 2.143
A75: 2002 | B75: 2002-06-30 | C75: 12.102 | D75: 2002-06-29 22:00 | E75: 12.111 | F75: 2002-11-06 | G75: 8.407 | H75: 2002-11-06 06:00 | I75: 8.404 | J75: =C75-G75 -> 3.695
A76: 2003 | B76: 2003-10-21 | C76: 12.063 | D76: 2003-10-21 20:00 | E76: 12.119 | F76: 2003-03-10 | G76: 8.634 | H76: 2003-03-10 14:20 | I76: 8.621 | J76: =C76-G76 -> 3.429
A77: 2004 | B77: 2004-06-28 | C77: 10.631 | D77: 2004-06-28 04:38 | E77: 10.647 | F77: 2004-03-05 | G77: 8.749 | H77: 2004-01-09 12:15 | I77: 8.702 | J77: =C77-G77 -> 1.882
A78: 2005 | B78: 2005-01-25 | C78: 10.934 | D78: 2005-01-24 16:38 | E78: 10.955 | F78: 2005-12-20 | G78: 8.748 | H78: 2005-12-20 04:00 | I78: 8.742 | J78: =C78-G78 -> 2.186
A79: 2006 | B79: 2006-06-15 | C79: 11.414 | D79: 2006-06-15 12:45 | E79: 11.422 | F79: 2006-10-25 | G79: 8.579 | H79: 2006-10-24 08:00 | I79: 8.535 | J79: =C79-G79 -> 2.835
A80: 2007 | B80: 2007-06-08 | C80: 12.077 | D80: 2007-06-08 09:15 | E80: 12.09 | F80: 2007-02-07 | G80: 8.805 | H80: 2007-02-15 18:00 | I80: 8.756 | J80: =C80-G80 -> 3.272
A81: 2008 | B81: 2008-05-30 | C81: 12.017 | D81: 2008-05-30 05:19 | E81: 12.035 | F81: 2008-04-12 | G81: 8.633 | J81: =C81-G81 -> 3.384
A82: 2009 | B82: 2009-06-10 | C82: 11.088 | D82: 2009-06-16 11:09 | E82: 11.103 | F82: 2009-02-24 | G82: 8.416 | H82: 2009-02-24 20:39 | I82: 8.375 | J82: =C82-G82 -> 2.672
A83: 2010 | B83: 2010-07-13 | C83: 11.246 | D83: 2010-07-14 00:59 | E83: 11.261 | F83: 2010-12-07 | G83: 8.978 | H83: 2010-12-08 10:19 | I83: 8.93 | J83: =C83-G83 -> 2.268
A84: 2011 | B84: 2011-06-11 | C84: 11.825 | D84: 2011-06-12 07:44 | E84: 11.837 | F84: 2011-03-09 | G84: 8.783 | H84: 2011-12-25 15:39 | I84: 8.701 | J84: =C84-G84 -> 3.042
A85: 2012 | B85: 2012-06-25 | C85: 12.42 | D85: 2012-06-25 08:08 | E85: 12.439 | F85: 2012-03-03 | G85: 8.767 | H85: 2012-03-02 23:14 | I85: 8.699 | J85: =C85-G85 -> 3.653
A86: 2013 | B86: 2013-05-15 | C86: 11.903 | D86: 2013-05-15 03:03 | E86: 11.92 | F86: 2013-12-23 | G86: 8.543 | H86: 2013-12-23 03:48 | I86: 8.482 | J86: =C86-G86 -> 3.36
A87: 2014 | B87: 2014-05-29 | C87: 11.514 | D87: 2014-05-29 13:08 | E87: 11.525 | F87: 2014-02-10 | G87: 8.487 | H87: 2014-02-11 02:08 | I87: 8.417 | J87: =C87-G87 -> 3.027
A88: 2015 | B88: 2015-06-03 | C88: 11.057 | D88: 2015-06-04 12:43 | E88: 11.066 | F88: 2015-03-11 | G88: 9.038 | H88: 2015-03-12 04:48 | I88: 9.007 | J88: =C88-G88 -> 2.019
A89: 2016 | B89: 2016-11-14 | C89: 11.202 | D89: 2016-11-14 02:28 | E89: 11.243 | F89: 2016-12-31 | G89: 8.882 | H89: 2016-12-30 22:18 | I89: 8.844 | J89: =C89-G89 -> 2.32
A90: 2017 | B90: 2017-06-04 | C90: 12.044 | D90: 2017-06-04 05:08 | E90: 12.064
A91: 2018 | B91: 2018-05-21 | C91: 12.312 | D91: 2018-05-21 11:48 | E91: 12.32 | F91: 2018-03-26 | G91: 8.714 | J91: =C91-G91 -> 3.598
A92: 2019
A93: 2020
A94: 2021 | B94: 2021-07-01 | C94: 12.235 | D94: 2021-07-02 03:55 | E94: 12.265 | F94: 2021-02-21 | G94: 8.87 | H94: 2021-02-21 16:40 | I94: 8.808 | J94: =C94-G94 -> 3.365
A95: 2022 | B95: 2022-07-05 | C95: 12.075 | D95: 2022-07-05 17:50 | E95: 12.094
A96: 2023 | B96: 2023-05-22 | C96: 11.989 | D96: 2023-05-22 11:30 | E96: 12.002 | F96: 2023-04-06 | G96: 8.451 | H96: 2023-03-30 15:25 | I96: 8.421 | J96: =C96-G96 -> 3.538
A97: 2024 | B97: 2024-02-03 | C97: 11.101 | D97: 2024-02-02 20:35 | E97: 11.129 | F97: 2024-04-24 | G97: 9.073 | H97: 2024-04-20 20:35 | I97: 9.046 | J97: =C97-G97 -> 2.028
A98: 2025 | B98: 2025-06-12 | C98: 11.05 | D98: 2025-06-12 11:05 | E98: 11.062 | F98: 2025-02-19 | G98: 8.457 | H98: 2025-02-19 22:45 | I98: 8.427 | J98: =C98-G98 -> 2.593
A100: Blank = no value published that year. Flags: A = partial day, E = estimated (WSC symbols). 1933–1951 read manually; recorder from 1952. Instantaneous peaks start in 1952.
A102: Ten highest daily lake levels, 1933–2025 (live ranking)
A103: Rank | B103: Year | C103: Max daily level (m GSC) | D103: Date
A104: 1 | B104: =INDEX($A$6:$A$98,MATCH(C104,$C$6:$C$98,0)) -> 1948 | C104: =LARGE($C$6:$C$98,A104) -> 13.298 | D104: =INDEX($B$6:$B$98,MATCH(C104,$C$6:$C$98,0)) -> 1948-06-11
A105: 2 | B105: =INDEX($A$6:$A$98,MATCH(C105,$C$6:$C$98,0)) -> 1950 | C105: =LARGE($C$6:$C$98,A105) -> 13.146 | D105: =INDEX($B$6:$B$98,MATCH(C105,$C$6:$C$98,0)) -> 1950-06-22
A106: 3 | B106: =INDEX($A$6:$A$98,MATCH(C106,$C$6:$C$98,0)) -> 1967 | C106: =LARGE($C$6:$C$98,A106) -> 12.823 | D106: =INDEX($B$6:$B$98,MATCH(C106,$C$6:$C$98,0)) -> 1967-06-24
A107: 4 | B107: =INDEX($A$6:$A$98,MATCH(C107,$C$6:$C$98,0)) -> 1974 | C107: =LARGE($C$6:$C$98,A107) -> 12.619 | D107: =INDEX($B$6:$B$98,MATCH(C107,$C$6:$C$98,0)) -> 1974-06-23
A108: 5 | B108: =INDEX($A$6:$A$98,MATCH(C108,$C$6:$C$98,0)) -> 1972 | C108: =LARGE($C$6:$C$98,A108) -> 12.5 | D108: =INDEX($B$6:$B$98,MATCH(C108,$C$6:$C$98,0)) -> 1972-06-12
...

Sheet Historic Peaks 1876-
A1: Largest recorded floods at Mission — full period of record (1876 onward)
A2: Pre-1969 water levels are NOT in the online HYDAT database; they come from published WSC values summarised in NHC (2008), Table 2.3.
A3: Harrison Lake (08MG012) levels are already in GSC datum, so they compare directly with Mission. Lake record begins July 1933.
A4: Rank (NHC 2008) | B4: Year | C4: Date | D4: Peak water level (m GSC) | E4: Max daily discharge at Mission (m³/s) | F4: Estimated peak at Hope (m³/s) | G4: Harrison Lake peak daily level (m GSC) | H4: Source / notes
A5: 1 | B5: 1894 | C5: Jun 05 | D5: 7.92 | F5: 17000 | G5: =IF(B5<1933,"before 1933 record",IFERROR(IF(INDEX('Harrison Lake 1933-2025'!$C$6:$C$98,MATCH(B5,'Harrison Lake 1933-2025'!$A$6:$A$98,0))="","not published",INDEX('Harrison Lake 1933-2025'!$C$6:$C$98,MATCH(B5,'Harrison Lake 1933-2025'!$A$6:$A$98,0))),"not published")) -> before 1933 record | H5: NHC 2008 Table 2.3. Flood of record. Hope flow estimated from 1934 high-water-mark survey.
A6: 2 | B6: 1948 | C6: May 31 | D6: 7.61 | F6: 15200 | G6: =IF(B6<1933,"before 1933 record",IFERROR(IF(INDEX('Harrison Lake 1933-2025'!$C$6:$C$98,MATCH(B6,'Harrison Lake 1933-2025'!$A$6:$A$98,0))="","not published",INDEX('Harrison Lake 1933-2025'!$C$6:$C$98,MATCH(B6,'Harrison Lake 1933-2025'!$A$6:$A$98,0))),"not published")) -> 13.298 | H6: NHC 2008 Table 2.3; Hope peak recorded 31 May 1948.
A7: 3 | B7: 1950 | C7: Jun 20 | D7: 7.45 | G7: =IF(B7<1933,"before 1933 record",IFERROR(IF(INDEX('Harrison Lake 1933-2025'!$C$6:$C$98,MATCH(B7,'Harrison Lake 1933-2025'!$A$6:$A$98,0))="","not published",INDEX('Harrison Lake 1933-2025'!$C$6:$C$98,MATCH(B7,'Harrison Lake 1933-2025'!$A$6:$A$98,0))),"not published")) -> 13.146 | H7: NHC 2008 Table 2.3
A8: 4 | B8: 1882 | C8: Jun 21 | D8: 7.34 | G8: =IF(B8<1933,"before 1933 record",IFERROR(IF(INDEX('Harrison Lake 1933-2025'!$C$6:$C$98,MATCH(B8,'Harrison Lake 1933-2025'!$A$6:$A$98,0))="","not published",INDEX('Harrison Lake 1933-2025'!$C$6:$C$98,MATCH(B8,'Harrison Lake 1933-2025'!$A$6:$A$98,0))),"not published")) -> before 1933 record | H8: NHC 2008 Table 2.3
A9: 5 | B9: 1972 | C9: Jun 17 | D9: ='Annual Extremes 1965-2025'!$H$3+INDEX('Annual Extremes 1965-2025'!F:F,MATCH(1972,'Annual Extremes 1965-2025'!A:A,0)) -> 7.151 | E9: 14400 | G9: =IF(B9<1933,"before 1933 record",IFERROR(IF(INDEX('Harrison Lake 1933-2025'!$C$6:$C$98,MATCH(B9,'Harrison Lake 1933-2025'!$A$6:$A$98,0))="","not published",INDEX('Harrison Lake 1933-2025'!$C$6:$C$98,MATCH(B9,'Harrison Lake 1933-2025'!$A$6:$A$98,0))),"not published")) -> 12.5 | H9: Level from Water Office (formula: assumed + offset). Uses instantaneous peak (7.108 m assumed) + offset = 7.15 m GSC, matching NHC.
A10: 6 | B10: 1964 | C10: Jun 05 | D10: 7.01 | G10: =IF(B10<1933,"before 1933 record",IFERROR(IF(INDEX('Harrison Lake 1933-2025'!$C$6:$C$98,MATCH(B10,'Harrison Lake 1933-2025'!$A$6:$A$98,0))="","not published",INDEX('Harrison Lake 1933-2025'!$C$6:$C$98,MATCH(B10,'Harrison Lake 1933-2025'!$A$6:$A$98,0))),"not published")) -> 12.244 | H10: NHC 2008 Table 2.3
A11: 7 | B11: 1876 | C11: Jun 22 | D11: 7 | G11: =IF(B11<1933,"before 1933 record",IFERROR(IF(INDEX('Harrison Lake 1933-2025'!$C$6:$C$98,MATCH(B11,'Harrison Lake 1933-2025'!$A$6:$A$98,0))="","not published",INDEX('Harrison Lake 1933-2025'!$C$6:$C$98,MATCH(B11,'Harrison Lake 1933-2025'!$A$6:$A$98,0))),"not published")) -> before 1933 record | H11: NHC 2008 Table 2.3 — first year of record
A12: 8 | B12: 1936 | C12: Jun 05 | D12: 6.97 | G12: =IF(B12<1933,"before 1933 record",IFERROR(IF(INDEX('Harrison Lake 1933-2025'!$C$6:$C$98,MATCH(B12,'Harrison Lake 1933-2025'!$A$6:$A$98,0))="","not published",INDEX('Harrison Lake 1933-2025'!$C$6:$C$98,MATCH(B12,'Harrison Lake 1933-2025'!$A$6:$A$98,0))),"not published")) -> 12.308 | H12: NHC 2008 Table 2.3
A13: 9 | B13: 1967 | C13: Jun 22 | D13: 6.97 | E13: 13500 | G13: =IF(B13<1933,"before 1933 record",IFERROR(IF(INDEX('Harrison Lake 1933-2025'!$C$6:$C$98,MATCH(B13,'Harrison Lake 1933-2025'!$A$6:$A$98,0))="","not published",INDEX('Harrison Lake 1933-2025'!$C$6:$C$98,MATCH(B13,'Harrison Lake 1933-2025'!$A$6:$A$98,0))),"not published")) -> 12.823 | H13: NHC 2008 Table 2.3; flow from Water Office
A14: 10 | B14: 1903 | C14: Jun 21 | D14: 6.93 | G14: =IF(B14<1933,"before 1933 record",IFERROR(IF(INDEX('Harrison Lake 1933-2025'!$C$6:$C$98,MATCH(B14,'Harrison Lake 1933-2025'!$A$6:$A$98,0))="","not published",INDEX('Harrison Lake 1933-2025'!$C$6:$C$98,MATCH(B14,'Harrison Lake 1933-2025'!$A$6:$A$98,0))),"not published")) -> before 1933 record | H14: NHC 2008 Table 2.3
A16: Recent comparison (Water Office, daily max converted to GSC):
B17: 2012 | D17: =INDEX('Annual Extremes 1965-2025'!D:D,MATCH(2012,'Annual Extremes 1965-2025'!A:A,0)) -> 6.369 | E17: =INDEX('Annual Extremes 1965-2025'!J:J,MATCH(2012,'Annual Extremes 1965-2025'!A:A,0)) -> 12700 | G17: =IF(B17<1933,"before 1933 record",IFERROR(IF(INDEX('Harrison Lake 1933-2025'!$C$6:$C$98,MATCH(B17,'Harrison Lake 1933-2025'!$A$6:$A$98,0))="","not published",INDEX('Harrison Lake 1933-2025'!$C$6:$C$98,MATCH(B17,'Harrison Lake 1933-2025'!$A$6:$A$98,0))),"not published")) -> 12.42
B18: 2018 | D18: =INDEX('Annual Extremes 1965-2025'!D:D,MATCH(2018,'Annual Extremes 1965-2025'!A:A,0)) -> 5.961 | E18: =INDEX('Annual Extremes 1965-2025'!J:J,MATCH(2018,'Annual Extremes 1965-2025'!A:A,0)) -> 11700 | G18: =IF(B18<1933,"before 1933 record",IFERROR(IF(INDEX('Harrison Lake 1933-2025'!$C$6:$C$98,MATCH(B18,'Harrison Lake 1933-2025'!$A$6:$A$98,0))="","not published",INDEX('Harrison Lake 1933-2025'!$C$6:$C$98,MATCH(B18,'Harrison Lake 1933-2025'!$A$6:$A$98,0))),"not published")) -> 12.312
B19: 2020 | D19: =INDEX('Annual Extremes 1965-2025'!D:D,MATCH(2020,'Annual Extremes 1965-2025'!A:A,0)) -> 5.867 | E19: =INDEX('Annual Extremes 1965-2025'!J:J,MATCH(2020,'Annual Extremes 1965-2025'!A:A,0)) -> 11400 | G19: =IF(B19<1933,"before 1933 record",IFERROR(IF(INDEX('Harrison Lake 1933-2025'!$C$6:$C$98,MATCH(B19,'Harrison Lake 1933-2025'!$A$6:$A$98,0))="","not published",INDEX('Harrison Lake 1933-2025'!$C$6:$C$98,MATCH(B19,'Harrison Lake 1933-2025'!$A$6:$A$98,0))),"not published")) -> not published
B20: 2021 | C20: Jun 07 | D20: =INDEX('Annual Extremes 1965-2025'!D:D,MATCH(2021,'Annual Extremes 1965-2025'!A:A,0)) -> 5.453 | E20: =INDEX('Annual Extremes 1965-2025'!J:J,MATCH(2021,'Annual Extremes 1965-2025'!A:A,0)) -> 10500 | G20: =IF(B20<1933,"before 1933 record",IFERROR(IF(INDEX('Harrison Lake 1933-2025'!$C$6:$C$98,MATCH(B20,'Harrison Lake 1933-2025'!$A$6:$A$98,0))="","not published",INDEX('Harrison Lake 1933-2025'!$C$6:$C$98,MATCH(B20,'Harrison Lake 1933-2025'!$A$6:$A$98,0))),"not published")) -> 12.235 | H20: 2021 June freshet: Mission peak Jun 7, Harrison Lake peak Jul 1 (annual daily maximums).
B21: 2022 | D21: =INDEX('Annual Extremes 1965-2025'!D:D,MATCH(2022,'Annual Extremes 1965-2025'!A:A,0)) -> 5.867 | E21: =INDEX('Annual Extremes 1965-2025'!J:J,MATCH(2022,'Annual Extremes 1965-2025'!A:A,0)) -> 11400 | G21: =IF(B21<1933,"before 1933 record",IFERROR(IF(INDEX('Harrison Lake 1933-2025'!$C$6:$C$98,MATCH(B21,'Harrison Lake 1933-2025'!$A$6:$A$98,0))="","not published",INDEX('Harrison Lake 1933-2025'!$C$6:$C$98,MATCH(B21,'Harrison Lake 1933-2025'!$A$6:$A$98,0))),"not published")) -> 12.075
B22: 2021 | C22: Nov 15 | D22: ='Annual Extremes 1965-2025'!$H$3+4.666 -> 4.709 | E22: 8970 | G22: 12.042 | H22: Nov 2021 atmospheric river. Mission daily level 4.666 m assumed (Nov 15) and daily flow 8,970 m³/s (Nov 15); instantaneous peak 5.539 m assumed (5.58 m GSC) and 10,800 m³/s at 22:20 PST Nov 15. Harrison Lake daily level 12.042 m GSC on Nov 16. Source: WSC daily tables, 2021.
A25: Ten highest Harrison Lake levels, 1933–2025 (WSC 08MG012, daily maximum)
A26: Rank | B26: Year | C26: Date | D26: Harrison Lake level (m GSC) | E26: Mission peak same year (m GSC) | H26: Notes
A27: 1 | B27: =INDEX('Harrison Lake 1933-2025'!$A$6:$A$98,MATCH(D27,'Harrison Lake 1933-2025'!$C$6:$C$98,0)) -> 1948 | C27: =INDEX('Harrison Lake 1933-2025'!$B$6:$B$98,MATCH(D27,'Harrison Lake 1933-2025'!$C$6:$C$98,0)) -> 1948-06-11 | D27: =LARGE('Harrison Lake 1933-2025'!$C$6:$C$98,A27) -> 13.298 | E27: =IFERROR(INDEX($D$5:$D$14,MATCH(B27,$B$5:$B$14,0)),IFERROR(INDEX('Annual Extremes 1965-2025'!$D$6:$D$66,MATCH(B27,'Annual Extremes 1965-2025'!$A$6:$A$66,0)),"-")) -> 7.61
A28: 2 | B28: =INDEX('Harrison Lake 1933-2025'!$A$6:$A$98,MATCH(D28,'Harrison Lake 1933-2025'!$C$6:$C$98,0)) -> 1950 | C28: =INDEX('Harrison Lake 1933-2025'!$B$6:$B$98,MATCH(D28,'Harrison Lake 1933-2025'!$C$6:$C$98,0)) -> 1950-06-22 | D28: =LARGE('Harrison Lake 1933-2025'!$C$6:$C$98,A28) -> 13.146 | E28: =IFERROR(INDEX($D$5:$D$14,MATCH(B28,$B$5:$B$14,0)),IFERROR(INDEX('Annual Extremes 1965-2025'!$D$6:$D$66,MATCH(B28,'Annual Extremes 1965-2025'!$A$6:$A$66,0)),"-")) -> 7.45
A29: 3 | B29: =INDEX('Harrison Lake 1933-2025'!$A$6:$A$98,MATCH(D29,'Harrison Lake 1933-2025'!$C$6:$C$98,0)) -> 1967 | C29: =INDEX('Harrison Lake 1933-2025'!$B$6:$B$98,MATCH(D29,'Harrison Lake 1933-2025'!$C$6:$C$98,0)) -> 1967-06-24 | D29: =LARGE('Harrison Lake 1933-2025'!$C$6:$C$98,A29) -> 12.823 | E29: =IFERROR(INDEX($D$5:$D$14,MATCH(B29,$B$5:$B$14,0)),IFERROR(INDEX('Annual Extremes 1965-2025'!$D$6:$D$66,MATCH(B29,'Annual Extremes 1965-2025'!$A$6:$A$66,0)),"-")) -> 6.97
A30: 4 | B30: =INDEX('Harrison Lake 1933-2025'!$A$6:$A$98,MATCH(D30,'Harrison Lake 1933-2025'!$C$6:$C$98,0)) -> 1974 | C30: =INDEX('Harrison Lake 1933-2025'!$B$6:$B$98,MATCH(D30,'Harrison Lake 1933-2025'!$C$6:$C$98,0)) -> 1974-06-23 | D30: =LARGE('Harrison Lake 1933-2025'!$C$6:$C$98,A30) -> 12.619 | E30: =IFERROR(INDEX($D$5:$D$14,MATCH(B30,$B$5:$B$14,0)),IFERROR(INDEX('Annual Extremes 1965-2025'!$D$6:$D$66,MATCH(B30,'Annual Extremes 1965-2025'!$A$6:$A$66,0)),"-")) -> 6.813
A31: 5 | B31: =INDEX('Harrison Lake 1933-2025'!$A$6:$A$98,MATCH(D31,'Harrison Lake 1933-2025'!$C$6:$C$98,0)) -> 1972 | C31: =INDEX('Harrison Lake 1933-2025'!$B$6:$B$98,MATCH(D31,'Harrison Lake 1933-2025'!$C$6:$C$98,0)) -> 1972-06-12 | D31: =LARGE('Harrison Lake 1933-2025'!$C$6:$C$98,A31) -> 12.5 | E31: =IFERROR(INDEX($D$5:$D$14,MATCH(B31,$B$5:$B$14,0)),IFERROR(INDEX('Annual Extremes 1965-2025'!$D$6:$D$66,MATCH(B31,'Annual Extremes 1965-2025'!$A$6:$A$66,0)),"-")) -> 7.151
A32: 6 | B32: =INDEX('Harrison Lake 1933-2025'!$A$6:$A$98,MATCH(D32,'Harrison Lake 1933-2025'!$C$6:$C$98,0)) -> 1982 | C32: =INDEX('Harrison Lake 1933-2025'!$B$6:$B$98,MATCH(D32,'Harrison Lake 1933-2025'!$C$6:$C$98,0)) -> 1982-06-23 | D32: =LARGE('Harrison Lake 1933-2025'!$C$6:$C$98,A32) -> 12.423 | E32: =IFERROR(INDEX($D$5:$D$14,MATCH(B32,$B$5:$B$14,0)),IFERROR(INDEX('Annual Extremes 1965-2025'!$D$6:$D$66,MATCH(B32,'Annual Extremes 1965-2025'!$A$6:$A$66,0)),"-")) -> 6.211
A33: 7 | B33: =INDEX('Harrison Lake 1933-2025'!$A$6:$A$98,MATCH(D33,'Harrison Lake 1933-2025'!$C$6:$C$98,0)) -> 2012 | C33: =INDEX('Harrison Lake 1933-2025'!$B$6:$B$98,MATCH(D33,'Harrison Lake 1933-2025'!$C$6:$C$98,0)) -> 2012-06-25 | D33: =LARGE('Harrison Lake 1933-2025'!$C$6:$C$98,A33) -> 12.42 | E33: =IFERROR(INDEX($D$5:$D$14,MATCH(B33,$B$5:$B$14,0)),IFERROR(INDEX('Annual Extremes 1965-2025'!$D$6:$D$66,MATCH(B33,'Annual Extremes 1965-2025'!$A$6:$A$66,0)),"-")) -> 6.369
A34: 8 | B34: =INDEX('Harrison Lake 1933-2025'!$A$6:$A$98,MATCH(D34,'Harrison Lake 1933-2025'!$C$6:$C$98,0)) -> 1969 | C34: =INDEX('Harrison Lake 1933-2025'!$B$6:$B$98,MATCH(D34,'Harrison Lake 1933-2025'!$C$6:$C$98,0)) -> 1969-06-14 | D34: =LARGE('Harrison Lake 1933-2025'!$C$6:$C$98,A34) -> 12.354 | E34: =IFERROR(INDEX($D$5:$D$14,MATCH(B34,$B$5:$B$14,0)),IFERROR(INDEX('Annual Extremes 1965-2025'!$D$6:$D$66,MATCH(B34,'Annual Extremes 1965-2025'!$A$6:$A$66,0)),"-")) -> 5.621
A35: 9 | B35: =INDEX('Harrison Lake 1933-2025'!$A$6:$A$98,MATCH(D35,'Harrison Lake 1933-2025'!$C$6:$C$98,0)) -> 2018 | C35: =INDEX('Harrison Lake 1933-2025'!$B$6:$B$98,MATCH(D35,'Harrison Lake 1933-2025'!$C$6:$C$98,0)) -> 2018-05-21 | D35: =LARGE('Harrison Lake 1933-2025'!$C$6:$C$98,A35) -> 12.312 | E35: =IFERROR(INDEX($D$5:$D$14,MATCH(B35,$B$5:$B$14,0)),IFERROR(INDEX('Annual Extremes 1965-2025'!$D$6:$D$66,MATCH(B35,'Annual Extremes 1965-2025'!$A$6:$A$66,0)),"-")) -> 5.961
A36: 10 | B36: =INDEX('Harrison Lake 1933-2025'!$A$6:$A$98,MATCH(D36,'Harrison Lake 1933-2025'!$C$6:$C$98,0)) -> 1999 | C36: =INDEX('Harrison Lake 1933-2025'!$B$6:$B$98,MATCH(D36,'Harrison Lake 1933-2025'!$C$6:$C$98,0)) -> 1999-07-17 | D36: =LARGE('Harrison Lake 1933-2025'!$C$6:$C$98,A36) -> 12.31 | E36: =IFERROR(INDEX($D$5:$D$14,MATCH(B36,$B$5:$B$14,0)),IFERROR(INDEX('Annual Extremes 1965-2025'!$D$6:$D$66,MATCH(B36,'Annual Extremes 1965-2025'!$A$6:$A$66,0)),"-")) -> 6.257
A37: — | B37: 2021 | C37: 2021-11-16 | D37: 12.042 | E37: ='Annual Extremes 1965-2025'!$H$3+4.666 -> 4.709 | H37: Nov 2021 atmospheric river (not a top-ten level; shown for comparison). Harrison Lake daily level Nov 16; Mission daily level Nov 15 (peak hourly 5.58 m GSC). Source: WSC daily tables, 2021.
A38: Mission column uses the NHC top-ten value where the year is listed above, otherwise the Water Office daily maximum (converted to GSC); "-" = no Mission level published (1969 onward only).

Sheet Sources & Notes
A1: Item | B1: Detail
A2: Station | B2: FRASER RIVER AT MISSION, WSC station 08MH024, British Columbia
A3: Primary source | B3: ECCC Water Office historical reports (HYDAT): Annual Extremes (daily) and Peak (instantaneous) for Level and Flow — https://wateroffice.ec.gc.ca/report/historical_e.html?stn=08MH024
A4: Data availability | B4: https://wateroffice.ec.gc.ca/report/data_availability_e.html?type=historical&station=08MH024 — digital daily flow 1965–1992 continuous, 2000+ seasonal; daily level 1969–1992 and 1997+.
A5: Datum | B5: https://wateroffice.ec.gc.ca/report/datum_e.html?stn=08MH024 — published in assumed datum; +0.043 m to GSC; +0.137 m to CGVD2013.
A6: Data collection history | B6: 1876–1899 level, seasonal, manual · 1900–1935 level, seasonal, manual · 1936–1964 level, continuous recorder · 1965–1996 flow · 1997–98 flow & level · 1999 level · 2000–2026 flow & level.
A7: Why the drop-down starts in 1965 | B7: The 1876–1968 level readings were never loaded into HYDAT for this station; only the discharge record (from 1965) and level record (from 1969) are online. Pre-1965 discharge was never measured at Mission.
A8: Historic peaks source | B8: Northwest Hydraulic Consultants (M. Mannerström), "Comprehensive Review of Fraser River at Hope — Flood Hydrology and Flows", for BC Ministry of Environment, Oct 2008, Table 2.3 — https://www.env.gov.bc.ca/wsd/public_safety/flood/pdfs_word/review_fraser_flood_flows_hope.pdf
A9: Getting 1876–1968 annual values | B9: Request the archived Mission gauge annual maxima from Water Survey of Canada (BC/Yukon office) or BC River Forecast Centre; also printed WSC "Surface Water Data, British Columbia" and "Historical Streamflow Summary" volumes (library holdings).
A10: Licence | B10: Open Government Licence – Canada; credit Environment and Climate Change Canada.
A12: Station 2 | B12: HARRISON LAKE NEAR HARRISON HOT SPRINGS, WSC station 08MG012 — https://wateroffice.ec.gc.ca/report/historical_e.html?stn=08MG012
A13: 08MG012 record | B13: Lake level only, continuous since July 1933 (manual readings 1933–1951, recorder 1952 on). No discharge is measured at this station. The full record is in HYDAT, so the online table is complete back to the first year.
... A15: 08MG012 gaps | B15: No annual maximum published for 1981, 2019 and 2020; minimums missing in several years (incomplete winter record).
